1560,1392,1560,1395,1338,1556,1337,1666,1450,1337,1173,1393,1064,1008,1065,-1,-1,-1,-1,-1,-1,-1,-1,-1,-1,-1,-1,-1,440,112,166,166,166,168,167,166,167,222,168,166,112,168,222,166,222,168,166,222,112,167,112,112,222,166,167,167,112,166,222,168,167,112,167,222,168,112,166,222,222,222,167,166,112,112,222,112,168,168,222,167
1668,1173,1504,1669,1282,1063,1174,1228,1228,1172,1505,1395,1174,1281,1229,-1,-1,-1,-1,-1,-1,-1,-1,-1,-1,-1,-1,-1,220,221,166,167,166,168,168,166,168,167,167,166,222,167,167,166,112,167,166,166,222,112,168,222,112,167,222,222,166,167,168,222,167,168,112,166,222,222,167,112,222,166,112,167,166,112,166,166,168,222,167,222
1724,1446,1174,1228,1281,1281,1175,-1,-1,1171,1281,1228,1175,-1,-1,-1,-1,-1,-1,-1,-1,-1,-1,-1,-1,-1,-1,-1,-1,220,221,222,112,168,167,222,112,222,222,112,222,166,167,222,166,112,168,168,166,168,167,166,112,167,222,112,166,168,112,222,168,167,112,167,167,166,112,167,112,167,112,167,168,222,112,222,168,168,112,222
1340,1174,1229,-1,-1,-1,-1,-1,-1,-1,-1,-1,-1,-1,-1,-1,-1,-1,-1,-1,-1,-1,-1,-1,-1,-1,-1,-1,-1,-1,276,221,167,167,166,222,222,166,168,168,222,222,167,112,167,222,112,222,168,168,112,168,167,168,168,222,167,168,222,112,166,112,112,168,166,222,166,168,166,167,166,112,167,166,166,166,168,166,112,168
1669,1120,-1,-1,-1,-1,-1,-1,-1,-1,-1,-1,-1,-1,-1,-1,-1,-1,-1,-1,-1,-1,-1,-1,-1,-1,-1,-1,-1,-1,-1,220,221,168,167,168,168,168,166,166,166,112,222,112,112,167,168,167,112,168,168,166,222,166,167,166,112,167,168,167,112,168,222,168,166,167,166,166,112,167,112,223,388,387,497,221,222,222,168,112
1668,1285,-1,-1,-1,-1,-1,-1,-1,-1,-1,-1,-1,-1,-1,-1,-1,-1,-1,-1,-1,-1,-1,-1,-1,-1,-1,-1,-1,-1,-1,-1,220,388,221,222,168,222,112,112,168,167,167,168,168,166,112,168,222,168,166,112,112,222,167,168,167,166,167,168,168,222,222,166,166,168,166,167,167,222,223,224,-1,-1,-1,385,112,222,168,168
1174,1229,-1,-1,-1,-1,-1,-1,-1,-1,-1,-1,-1,-1,-1,-1,-1,-1,-1,-1,-1,-1,-1,-1,-1,-1,-1,-1,-1,-1,-1,-1,-1,-1,276,277,221,112,167,167,222,166,112,167,112,167,222,167,222,222,112,112,168,167,112,167,112,168,167,168,167,166,166,168,168,167,112,166,167,167,169,-1,-1,-1,-1,220,221,166,112,222
1175,-1,-1,-1,-1,-1,-1,-1,-1,-1,-1,-1,-1,-1,-1,-1,-1,-1,-1,-1,-1,-1,-1,-1,-1,-1,-1,-1,-1,-1,-1,-1,-1,-1,-1,-1,276,221,112,112,166,167,167,168,222,166,166,167,222,222,112,112,222,168,167,112,168,112,222,112,112,222,168,112,167,168,112,112,168,223,224,-1,-1,-1,-1,-1,165,166,222,167
-1,-1,-1,-1,-1,-1,-1,-1,-1,-1,-1,-1,-1,-1,-1,-1,-1,-1,-1,-1,-1,-1,-1,-1,-1,-1,-1,-1,-1,-1,-1,-1,-1,-1,-1,-1,-1,276,221,167,168,167,222,112,112,168,167,168,167,166,168,222,222,112,168,167,222,166,168,166,167,222,222,167,168,222,166,168,168,441,-1,-1,-1,-1,-1,-1,440,167,167,222
-1,-1,-1,-1,-1,-1,-1,-1,-1,-1,-1,-1,-1,-1,-1,-1,-1,-1,-1,-1,-1,-1,-1,-1,-1,-1,-1,-1,-1,-1,-1,-1,-1,-1,-1,-1,-1,-1,165,167,112,112,112,167,222,222,168,112,167,222,166,167,222,112,167,166,222,167,166,222,167,112,112,168,168,168,222,167,223,224,-1,-1,-1,-1,-1,-1,220,221,168,166
-1,-1,-1,-1,-1,-1,-1,-1,-1,-1,-1,-1,-1,-1,-1,-1,-1,-1,-1,-1,-1,-1,-1,-1,-1,-1,-1,-1,-1,-1,-1,-1,-1,-1,-1,-1,-1,-1,165,222,166,167,166,112,222,166,112,166,112,168,166,166,167,112,167,166,168,168,168,166,168,222,166,112,167,222,223,388,224,-1,-1,-1,-1,-1,-1,-1,-1,276,221,168
-1,-1,-1,-1,-1,-1,-1,-1,-1,-1,-1,-1,-1,-1,-1,-1,-1,-1,-1,-1,-1,-1,-1,-1,-1,-1,-1,-1,-1,-1,-1,-1,-1,-1,-1,-1,-1,-1,330,167,112,112,112,168,167,168,112,168,168,222,222,166,112,166,112,112,222,222,167,112,222,222,112,112,166,223,224,-1,-1,-1,-1,-1,-1,-1,-1,-1,-1,56,111,112
-1,-1,-1,-1,-1,-1,-1,-1,-1,-1,-1,-1,-1,-1,-1,-1,-1,-1,-1,-1,-1,-1,-1,-1,-1,-1,-1,-1,-1,-1,-1,-1,-1,-1,-1,-1,-1,-1,385,166,168,112,222,168,166,168,112,222,168,166,166,222,166,112,167,168,167,166,222,222,112,222,166,223,497,224,-1,-1,-1,-1,-1,-1,-1,-1,-1,-1,-1,385,168,167
-1,-1,-1,-1,-1,-1,-1,-1,-1,-1,-1,-1,-1,-1,-1,-1,-1,-1,-1,-1,-1,-1,-1,-1,-1,-1,-1,-1,-1,-1,-1,-1,-1,-1,-1,-1,-1,110,111,166,168,167,222,168,222,167,222,222,167,222,168,168,167,166,167,168,168,167,168,168,223,497,277,224,-1,-1,-1,-1,-1,1017,1018,1018,1018,1236,1236,1075,-1,440,168,167
-1,-1,-1,-1,-1,-1,-1,-1,-1,-1,-1,-1,-1,-1,-1,-1,-1,-1,-1,-1,-1,-1,-1,-1,-1,-1,-1,-1,-1,-1,-1,-1,-1,-1,-1,-1,-1,330,112,166,222,166,112,112,222,166,168,167,167,222,168,168,168,168,222,166,223,387,388,388,278,-1,-1,-1,-1,-1,-1,-1,1017,1072,1678,1566,1403,1677,1458,1295,-1,385,166,112
-1,-1,-1,-1,-1,-1,-1,-1,-1,-1,-1,-1,-1,-1,-1,-1,-1,-1,-1,-1,-1,-1,-1,-1,-1,-1,-1,-1,-1,-1,-1,-1,-1,-1,-1,-1,-1,385,167,168,112,166,168,167,168,112,222,168,112,166,112,166,168,112,168,167,386,-1,-1,-1,-1,-1,-1,-1,-1,-1,1071,1018,1072,1733,1569,1460,1127,1733,1184,1239,-1,385,168,112
-1,-1,-1,-1,-1,-1,-1,-1,-1,-1,-1,-1,-1,-1,-1,-1,-1,-1,-1,-1,-1,-1,-1,-1,-1,-1,-1,-1,-1,-1,-1,-1,-1,-1,-1,-1,-1,385,166,112,112,112,222,112,168,112,167,167,222,112,167,222,112,168,222,223,224,-1,-1,-1,-1,-1,1071,1018,1018,1236,1072,1346,1292,1678,1677,1401,1184,1291,1185,-1,-1,330,168,112
-1,-1,-1,-1,-1,-1,-1,-1,-1,-1,-1,-1,-1,-1,-1,-1,-1,-1,-1,-1,-1,-1,-1,-1,-1,-1,-1,-1,-1,-1,-1,-1,-1,-1,-1,-1,56,111,167,167,168,112,167,168,166,112,168,112,222,166,167,112,166,222,223,224,-1,-1,-1,-1,1071,1236,1072,1350,1732,1679,1460,1402,1402,1402,1731,1184,1239,-1,-1,-1,-1,330,112,222
1065,-1,-1,-1,-1,-1,-1,-1,-1,-1,-1,-1,-1,-1,-1,-1,-1,-1,-1,-1,-1,-1,-1,-1,-1,-1,-1,-1,-1,-1,-1,-1,-1,-1,-1,110,111,168,167,166,168,112,166,166,222,222,167,168,168,166,168,112,167,223,278,-1,-1,-1,1017,1018,1072,1511,1293,1733,1570,1128,1567,1513,1346,1402,1183,1074,1019,-1,-1,-1,110,111,166,112
1064,1009,-1,-1,-1,-1,-1,-1,-1,-1,-1,-1,-1,-1,-1,-1,-1,-1,-1,-1,-1,-1,-1,-1,-1,-1,-1,-1,-1,-1,-1,-1,-1,-1,56,111,167,168,222,167,168,168,166,222,222,167,112,167,112,222,223,498,497,224,-1,-1,1071,1236,1072,1127,1622,1127,1621,1293,1566,1460,1624,1676,1676,1621,1569,1622,1074,1019,-1,-1,330,168,112,222
1614,1064,1065,-1,-1,-1,-1,-1,-1,-1,-1,-1,-1,-1,-1,-1,-1,-1,-1,-1,-1,-1,-1,-1,-1,-1,-1,-1,-1,-1,-1,-1,-1,110,111,112,112,166,167,112,222,167,166,167,112,167,112,223,388,498,224,-1,-1,-1,-1,1017,1072,1733,1514,1401,1678,1512,1732,1514,1127,1566,1127,1678,1678,1405,1624,1513,1127,1130,-1,-1,330,112,166,166
1446,1063,1064,1009,-1,-1,-1,-1,-1,-1,-1,-1,-1,-1,-1,-1,-1,-1,-1,-1,-1,-1,-1,-1,-1,1061,1226,1008,1065,-1,-1,110,443,111,222,223,497,388,277,221,166,222,167,223,498,277,497,224,-1,-1,-1,-1,-1,-1,1017,1072,1622,1294,1676,1073,1623,1073,1622,1073,1403,1733,1347,1128,1349,1677,1512,1184,1238,1239,-1,56,111,167,112,168
1721,1612,1119,1064,1008,1008,1008,1008,1009,-1,-1,-1,-1,-1,-1,-1,-1,-1,-1,-1,-1,-1,-1,1007,1008,1062,1340,1449,1285,-1,-1,276,498,498,388,278,-1,-1,-1,276,498,498,497,278,-1,-1,-1,-1,-1,-1,-1,-1,-1,1017,1072,1459,1513,1732,1680,1183,1292,1458,1127,1459,1404,1676,1401,1514,1511,1623,1184,1239,-1,-1,-1,385,167,112,168,168
1722,1558,1395,1284,1558,1173,1669,1614,1064,1226,1226,1226,1009,1007,1226,1008,1226,1226,1008,1226,1226,1226,1226,1062,1666,1117,1391,1174,1175,-1,-1,-1,-1,-1,-1,-1,-1,-1,-1,-1,-1,-1,1071,1018,1018,1018,1018,1075,-1,-1,-1,1071,1018,1072,1349,1677,1569,1680,1566,1403,1567,1735,1624,1127,1127,1129,1625,1676,1732,1457,1074,1236,1075,-1,56,111,222,168,168,112
1612,1393,1668,1393,1119,1612,1449,1119,1723,1502,1669,1338,1064,1062,1556,1504,1502,1558,1392,1337,1448,1505,1119,1338,1450,1560,1394,1285,-1,-1,-1,-1,-1,-1,-1,-1,-1,-1,-1,-1,-1,-1,1126,1625,1404,1456,1294,1074,1018,1018,1236,1072,1567,1568,1568,1732,1405,1623,1566,1347,1621,1621,1625,1566,1459,1733,1293,1568,1128,1349,1294,1073,1130,-1,385,112,112,167,112,222
1667,1611,1611,1063,1666,1559,1336,1283,1339,1450,1391,1556,1391,1282,1558,1446,1505,1560,1063,1394,1612,1284,1560,1724,1721,1668,1174,1229,-1,-1,-1,-1,-1,-1,-1,-1,-1,-1,-1,-1,-1,1017,1072,1731,1568,1183,1459,1624,1401,1734,1127,1073,1678,1346,1458,1127,1127,1294,1513,1294,1349,1680,1293,1401,1405,1350,1405,1514,1350,1402,1621,1184,1185,-1,165,166,112,167,112,168
1173,1449,1611,1392,1336,1557,1557,1391,1448,1721,1722,1668,1557,1392,1391,1502,1558,1614,1557,1723,1722,1394,1117,1283,1560,1174,1229,-1,-1,-1,-1,-1,-1,-1,-1,-1,-1,-1,-1,-1,-1,1126,1129,1401,1401,1350,1514,1625,1183,1511,1127,1458,1513,1459,1128,1129,1566,1073,1458,1183,1402,1513,1459,1732,1183,1403,1677,1184,1238,1238,1238,1239,-1,110,111,166,166,168,168,112
1338,1504,1723,1560,1117,1614,1502,1504,1393,1504,1449,1450,1118,1283,1503,1446,1669,1117,1395,1502,1174,1228,1281,1281,1281,1175,-1,-1,-1,-1,-1,-1,-1,-1,-1,-1,-1,-1,-1,-1,1017,1072,1183,1460,1183,1569,1624,1568,1732,1515,1350,1621,1294,1292,1129,1676,1346,1512,1513,1405,1570,1570,1183,1622,1735,1676,1348,1130,-1,-1,-1,110,443,111,168,112,222,167,112,166
1667,1395,1284,1446,1724,1558,1721,1338,1338,1117,1611,1394,1503,1612,1340,1336,1284,1505,1174,1228,1229,-1,-1,-1,-1,-1,-1,-1,-1,-1,-1,-1,-1,-1,-1,-1,-1,-1,-1,-1,1181,1182,1734,1621,1403,1680,1128,1457,1293,1731,1292,1623,1128,1292,1405,1735,1621,1733,1679,1183,1569,1349,1460,1292,1511,1570,1184,1239,-1,-1,110,111,166,112,112,222,222,222,112,167
1669,1450,1284,1395,1556,1504,1391,1612,1394,1613,1505,1174,1172,1668,1449,1174,1281,1281,1229,-1,-1,-1,-1,-1,-1,-1,-1,-1,-1,-1,-1,-1,-1,-1,-1,-1,-1,-1,-1,-1,-1,1126,1294,1402,1513,1294,1346,1731,1679,1294,1678,1293,1127,1347,1404,1403,1624,1677,1735,1566,1128,1348,1348,1512,1184,1291,1239,-1,-1,56,111,166,168,112,222,222,168,112,167,222
1502,1450,1447,1666,1560,1339,1450,1283,1501,1063,1174,1175,1171,1228,1281,1229,-1,-1,-1,-1,-1,-1,-1,-1,-1,-1,-1,-1,-1,-1,-1,-1,-1,-1,-1,-1,-1,-1,-1,-1,-1,1181,1238,1291,1291,1182,1515,1127,1511,1568,1459,1677,1405,1735,1515,1622,1625,1570,1292,1457,1515,1184,1238,1238,1239,-1,-1,110,332,111,222,166,167,112,168,166,167,168,167,222
1063,1501,1612,1391,1724,1173,1667,1558,1504,1174,1229,-1,-1,-1,-1,-1,-1,-1,-1,-1,-1,-1,-1,-1,-1,-1,-1,-1,-1,-1,-1,-1,-1,-1,-1,-1,-1,-1,-1,-1,-1,-1,-1,-1,-1,1240,1348,1733,1349,1623,1512,1403,1183,1349,1349,1570,1404,1402,1677,1184,1238,1239,-1,-1,-1,-1,110,111,167,167,222,167,166,167,112,166,112,166,222,222
1172,1558,1450,1612,1721,1284,1447,1614,1173,1120,-1,-1,-1,-1,-1,-1,-1,-1,-1,-1,-1,-1,-1,-1,-1,-1,-1,-1,-1,-1,-1,-1,-1,-1,-1,-1,-1,-1,-1,-1,-1,-1,-1,-1,-1,1181,1291,1182,1512,1733,1567,1458,1570,1732,1732,1513,1731,1731,1294,1130,-1,-1,-1,-1,-1,110,111,166,166,112,222,112,222,112,112,112,222,222,112,222
1227,1228,1172,1666,1395,1559,1174,1281,1228,1175,-1,-1,-1,-1,-1,-1,-1,-1,-1,-1,-1,-1,-1,-1,-1,-1,-1,-1,-1,-1,-1,-1,-1,-1,-1,-1,-1,-1,-1,-1,-1,-1,-1,-1,-1,-1,-1,1237,1182,1734,1511,1677,1731,1183,1457,1073,1405,1513,1184,1185,-1,-1,-1,-1,56,111,167,112,112,112,222,166,167,166,222,167,222,168,112,168
-1,-1,1171,1281,1228,1281,1229,-1,-1,-1,-1,-1,-1,-1,-1,-1,-1,-1,-1,-1,-1,-1,-1,-1,-1,-1,-1,-1,-1,-1,-1,-1,-1,-1,-1,-1,-1,-1,-1,-1,-1,-1,-1,-1,-1,-1,-1,-1,1237,1182,1347,1127,1622,1570,1401,1733,1294,1677,1130,-1,-1,-1,-1,110,111,166,167,222,222,167,166,167,166,222,166,167,222,166,112,222
-1,-1,-1,-1,-1,-1,-1,-1,-1,-1,-1,-1,-1,-1,-1,-1,-1,-1,-1,-1,-1,-1,-1,-1,-1,-1,-1,-1,-1,-1,-1,-1,-1,-1,-1,-1,-1,-1,-1,-1,-1,-1,-1,-1,-1,-1,-1,-1,1071,1072,1734,1292,1676,1566,1129,1734,1511,1348,1295,-1,-1,-1,-1,330,222,167,222,168,222,167,168,112,166,222,167,166,112,112,112,168
-1,-1,-1,-1,-1,-1,-1,-1,-1,-1,-1,-1,-1,-1,-1,-1,-1,-1,-1,-1,-1,-1,-1,-1,-1,-1,-1,-1,-1,-1,-1,-1,-1,-1,-1,-1,-1,-1,-1,-1,-1,-1,-1,-1,-1,-1,-1,-1,1126,1183,1294,1457,1128,1513,1403,1129,1405,1514,1074,1019,-1,-1,-1,440,167,168,168,168,222,168,166,222,168,166,168,168,167,222,166,112
-1,-1,-1,-1,-1,-1,-1,-1,-1,-1,-1,-1,-1,-1,-1,-1,-1,-1,-1,-1,-1,-1,-1,-1,-1,-1,-1,-1,-1,-1,-1,-1,-1,-1,-1,-1,-1,-1,-1,-1,-1,-1,-1,-1,-1,-1,-1,-1,1237,1182,1680,1624,1511,1292,1676,1458,1623,1404,1129,1130,-1,-1,-1,165,112,167,112,168,166,168,167,168,168,167,112,222,112,166,166,222
-1,-1,-1,-1,-1,-1,-1,-1,-1,-1,-1,-1,-1,-1,-1,-1,-1,-1,-1,-1,-1,-1,-1,-1,-1,-1,-1,-1,-1,-1,-1,-1,-1,-1,-1,-1,-1,-1,-1,-1,-1,-1,-1,-1,-1,-1,-1,-1,-1,1237,1182,1623,1514,1402,1732,1680,1292,1511,1457,1295,-1,-1,-1,165,166,222,167,168,168,166,167,167,167,112,168,222,167,168,222,168
-1,-1,-1,-1,-1,-1,-1,-1,-1,-1,-1,-1,-1,-1,-1,-1,-1,-1,-1,-1,-1,-1,-1,-1,-1,-1,-1,-1,-1,-1,-1,-1,-1,-1,-1,-1,-1,-1,-1,-1,-1,-1,-1,-1,-1,-1,-1,-1,-1,-1,1181,1182,1624,1512,1676,1570,1679,1293,1512,1295,-1,-1,-1,165,166,167,167,168,112,168,222,167,167,167,112,112,168,112,222,222
-1,-1,-1,-1,-1,-1,-1,-1,-1,-1,-1,-1,-1,-1,-1,-1,-1,-1,-1,-1,-1,-1,-1,-1,-1,-1,-1,-1,-1,-1,-1,-1,-1,-1,-1,-1,-1,-1,-1,-1,-1,-1,-1,-1,-1,-1,-1,-1,-1,-1,-1,1240,1678,1129,1680,1183,1456,1676,1732,1130,-1,-1,-1,220,221,166,222,222,168,222,168,166,166,112,167,166,168,222,166,222
-1,-1,-1,-1,-1,-1,-1,-1,-1,-1,-1,-1,-1,-1,-1,-1,-1,-1,-1,-1,-1,-1,-1,-1,-1,-1,-1,-1,-1,-1,-1,-1,-1,-1,-1,-1,-1,-1,-1,-1,-1,-1,-1,-1,-1,-1,-1,-1,-1,-1,-1,1126,1128,1622,1680,1129,1734,1621,1732,1074,1019,-1,-1,-1,165,222,168,168,167,222,168,222,167,222,168,168,168,222,168,166
-1,-1,-1,-1,-1,-1,-1,-1,-1,-1,-1,-1,-1,-1,-1,-1,-1,-1,-1,-1,-1,-1,-1,-1,-1,-1,-1,-1,-1,-1,-1,-1,-1,-1,-1,-1,-1,-1,-1,-1,-1,-1,-1,-1,-1,-1,-1,-1,-1,-1,-1,1237,1182,1622,1513,1621,1514,1293,1292,1732,1295,-1,-1,-1,276,221,112,112,166,168,167,167,168,166,167,167,167,112,222,167
-1,-1,-1,-1,-1,-1,-1,-1,-1,-1,-1,-1,-1,-1,-1,-1,-1,-1,-1,-1,-1,-1,-1,-1,-1,-1,-1,-1,-1,-1,-1,-1,-1,-1,-1,-1,-1,-1,-1,-1,-1,-1,-1,-1,-1,-1,-1,-1,-1,-1,-1,-1,1240,1293,1456,1512,1622,1566,1129,1457,1074,1018,1019,-1,-1,276,388,221,112,166,167,168,168,112,167,168,168,168,168,112
-1,-1,-1,-1,-1,-1,-1,-1,-1,-1,-1,-1,-1,-1,-1,-1,-1,-1,-1,-1,-1,-1,-1,-1,-1,-1,-1,-1,-1,-1,-1,-1,-1,-1,-1,-1,-1,-1,-1,-1,-1,-1,-1,-1,-1,-1,-1,-1,-1,-1,-1,-1,1181,1182,1403,1624,1513,1734,1568,1622,1678,1568,1130,-1,-1,-1,-1,276,221,222,222,222,167,167,167,223,498,221,166,168
-1,-1,-1,-1,-1,-1,-1,-1,-1,-1,-1,-1,-1,-1,-1,-1,-1,-1,-1,-1,-1,-1,-1,-1,-1,-1,-1,-1,-1,-1,-1,-1,-1,-1,-1,-1,-1,-1,-1,-1,-1,-1,-1,-1,-1,-1,-1,-1,-1,-1,-1,-1,-1,1237,1238,1238,1238,1238,1182,1128,1570,1680,1074,1236,1075,-1,-1,-1,385,112,168,166,222,112,223,278,-1,440,222,168
-1,-1,-1,-1,-1,-1,-1,-1,-1,-1,-1,-1,-1,-1,-1,-1,-1,-1,-1,-1,-1,-1,-1,-1,-1,-1,-1,-1,-1,-1,-1,-1,-1,-1,-1,-1,-1,-1,-1,-1,-1,-1,-1,-1,-1,-1,-1,-1,-1,-1,-1,-1,-1,-1,-1,-1,-1,-1,1181,1238,1182,1458,1127,1513,1074,1236,1075,-1,165,112,112,167,223,388,224,-1,-1,330,167,166
-1,-1,-1,-1,-1,-1,-1,-1,-1,-1,-1,-1,-1,-1,-1,-1,-1,-1,-1,-1,-1,-1,-1,-1,-1,-1,-1,-1,-1,-1,-1,-1,-1,-1,-1,-1,-1,-1,-1,-1,-1,-1,-1,-1,-1,-1,-1,-1,-1,-1,-1,-1,-1,-1,-1,-1,-1,-1,-1,-1,1181,1238,1182,1680,1676,1514,1130,-1,220,388,277,498,278,-1,-1,-1,-1,220,221,222
-1,-1,-1,-1,-1,-1,-1,-1,-1,-1,-1,-1,-1,-1,-1,-1,-1,-1,-1,-1,-1,-1,-1,-1,-1,-1,-1,-1,-1,-1,-1,-1,-1,-1,-1,-1,-1,-1,-1,-1,-1,-1,-1,-1,-1,-1,-1,-1,-1,-1,-1,-1,-1,-1,-1,-1,-1,-1,-1,-1,-1,-1,1181,1291,1182,1127,1074,1018,1019,-1,-1,-1,-1,-1,-1,-1,-1,-1,385,167
-1,-1,-1,-1,-1,-1,-1,-1,-1,-1,-1,-1,-1,-1,-1,-1,-1,-1,-1,-1,-1,-1,-1,-1,-1,-1,-1,-1,-1,-1,-1,-1,-1,-1,-1,-1,-1,-1,-1,-1,-1,-1,-1,-1,-1,-1,-1,-1,-1,-1,-1,-1,-1,-1,-1,-1,-1,-1,-1,-1,-1,-1,-1,-1,1181,1238,1238,1182,1074,1075,-1,-1,-1,-1,-1,-1,-1,-1,440,222
-1,-1,-1,-1,-1,-1,-1,-1,-1,-1,-1,-1,-1,-1,-1,-1,-1,-1,-1,-1,-1,-1,-1,-1,-1,-1,-1,-1,-1,-1,-1,-1,-1,-1,-1,-1,-1,-1,-1,-1,-1,-1,-1,-1,-1,-1,-1,-1,-1,-1,-1,-1,-1,-1,-1,-1,-1,-1,-1,-1,-1,-1,-1,-1,-1,-1,-1,1181,1182,1074,1236,1019,-1,-1,-1,-1,-1,-1,165,166
-1,-1,-1,-1,-1,-1,-1,-1,-1,-1,-1,-1,-1,-1,-1,-1,-1,-1,-1,-1,-1,-1,-1,-1,-1,-1,-1,-1,-1,-1,-1,-1,-1,-1,-1,-1,-1,-1,-1,-1,-1,-1,-1,-1,-1,-1,-1,-1,-1,-1,-1,-1,-1,-1,-1,-1,-1,-1,-1,-1,-1,-1,-1,-1,-1,-1,-1,-1,1237,1291,1182,1074,1018,1075,-1,-1,-1,110,111,222
-1,-1,-1,-1,-1,-1,-1,-1,-1,-1,-1,-1,-1,-1,-1,-1,-1,-1,-1,-1,-1,-1,-1,-1,-1,-1,-1,-1,-1,-1,-1,-1,-1,-1,-1,-1,-1,-1,-1,-1,-1,-1,-1,-1,-1,-1,-1,-1,-1,-1,-1,-1,-1,-1,-1,-1,-1,-1,-1,-1,-1,-1,-1,-1,-1,-1,-1,-1,-1,-1,1181,1291,1238,1239,-1,-1,-1,330,168,166
-1,-1,-1,-1,-1,-1,-1,-1,-1,-1,-1,-1,-1,-1,-1,-1,-1,-1,-1,-1,-1,-1,-1,-1,-1,-1,-1,-1,-1,-1,-1,-1,-1,-1,-1,-1,-1,-1,-1,-1,-1,-1,-1,-1,-1,-1,-1,-1,-1,-1,-1,-1,-1,-1,-1,-1,-1,-1,-1,-1,-1,-1,-1,-1,-1,-1,-1,-1,-1,-1,-1,-1,-1,-1,-1,-1,-1,220,221,166
-1,-1,-1,-1,-1,-1,-1,-1,-1,-1,-1,-1,-1,-1,-1,-1,-1,-1,-1,-1,-1,-1,-1,-1,-1,-1,-1,-1,-1,-1,-1,-1,-1,-1,-1,-1,-1,-1,-1,-1,-1,-1,-1,-1,-1,-1,-1,-1,-1,-1,-1,1071,1018,1236,1018,1018,1236,1075,-1,-1,-1,-1,-1,-1,-1,-1,-1,-1,-1,-1,-1,-1,-1,-1,-1,-1,-1,-1,220,498
-1,-1,-1,-1,-1,-1,-1,-1,-1,-1,-1,-1,-1,-1,-1,-1,-1,-1,-1,-1,-1,-1,-1,-1,-1,-1,-1,-1,-1,-1,-1,-1,-1,-1,-1,-1,-1,-1,-1,-1,-1,-1,-1,-1,-1,-1,-1,-1,-1,-1,1017,1072,1679,1511,1457,1624,1621,1295,-1,-1,1071,1236,1236,1019,-1,-1,-1,-1,-1,-1,-1,-1,-1,-1,-1,-1,-1,-1,-1,-1
-1,-1,-1,-1,-1,-1,-1,-1,-1,-1,-1,-1,-1,-1,-1,-1,-1,-1,-1,-1,-1,-1,-1,-1,-1,-1,-1,-1,110,443,58,-1,-1,-1,-1,-1,-1,-1,-1,-1,-1,-1,-1,-1,-1,-1,-1,-1,-1,-1,1126,1349,1402,1457,1460,1073,1183,1074,1236,1018,1072,1128,1294,1295,-1,-1,-1,-1,-1,-1,-1,-1,-1,-1,-1,-1,-1,-1,-1,-1
-1,-1,-1,-1,-1,-1,-1,-1,-1,-1,-1,-1,-1,-1,-1,-1,-1,-1,-1,-1,-1,-1,-1,-1,-1,-1,-1,110,111,112,113,332,443,442,443,332,114,-1,-1,-1,-1,-1,-1,-1,-1,-1,-1,-1,-1,-1,1240,1733,1624,1566,1570,1073,1347,1127,1735,1456,1073,1346,1512,1074,1019,-1,-1,-1,-1,-1,-1,-1,-1,-1,-1,-1,-1,-1,-1,-1
-1,-1,-1,-1,-1,-1,-1,-1,-1,-1,-1,-1,-1,-1,-1,-1,-1,-1,-1,-1,-1,-1,-1,-1,-1,-1,-1,330,112,167,222,112,168,222,168,168,386,-1,-1,-1,-1,-1,-1,-1,-1,-1,-1,-1,-1,-1,1237,1182,1621,1621,1458,1676,1680,1127,1129,1511,1511,1348,1621,1569,1130,-1,-1,-1,-1,-1,-1,-1,-1,-1,-1,-1,-1,-1,-1,-1
-1,-1,-1,-1,-1,-1,-1,-1,-1,-1,-1,-1,-1,-1,-1,-1,-1,-1,-1,-1,-1,-1,-1,-1,-1,-1,-1,276,497,498,221,166,112,168,168,168,169,-1,-1,-1,-1,-1,-1,-1,-1,-1,-1,-1,-1,-1,-1,1126,1570,1512,1456,1350,1460,1073,1568,1128,1460,1568,1512,1566,1074,1018,1236,1019,-1,-1,-1,-1,-1,-1,-1,-1,-1,-1,-1,-1
-1,-1,-1,-1,-1,-1,-1,-1,-1,-1,-1,-1,-1,-1,-1,-1,-1,-1,-1,-1,-1,-1,-1,-1,-1,-1,-1,-1,-1,-1,440,223,388,497,498,498,224,-1,-1,-1,-1,-1,-1,-1,-1,-1,-1,-1,-1,1071,1018,1072,1129,1677,1513,1346,1405,1680,1460,1073,1405,1512,1569,1566,1347,1514,1511,1295,1017,1236,1018,1075,-1,-1,-1,-1,-1,-1,-1,-1
-1,-1,-1,-1,-1,-1,-1,-1,-1,-1,-1,-1,-1,-1,-1,-1,-1,-1,-1,-1,-1,-1,-1,-1,-1,-1,-1,-1,-1,-1,220,278,-1,-1,-1,-1,-1,-1,-1,-1,-1,-1,-1,-1,-1,-1,-1,-1,-1,1126,1569,1349,1624,1624,1621,1401,1676,1347,1511,1566,1623,1346,1567,1458,1734,1623,1567,1074,1072,1347,1458,1074,1236,1019,-1,-1,-1,-1,-1,-1
-1,-1,-1,-1,-1,-1,-1,-1,-1,-1,-1,-1,-1,-1,-1,-1,-1,-1,-1,-1,-1,-1,-1,-1,-1,-1,-1,-1,-1,-1,-1,-1,-1,-1,-1,-1,-1,-1,-1,-1,-1,-1,-1,-1,-1,-1,-1,-1,-1,1240,1567,1678,1676,1731,1349,1625,1735,1677,1679,1405,1347,1456,1347,1073,1679,1404,1732,1567,1622,1401,1566,1457,1625,1295,-1,-1,-1,-1,-1,-1
-1,-1,-1,-1,-1,-1,-1,-1,-1,-1,-1,-1,-1,-1,-1,-1,-1,-1,-1,-1,-1,-1,-1,-1,-1,-1,-1,-1,-1,-1,-1,-1,-1,-1,-1,-1,-1,-1,-1,-1,-1,-1,-1,-1,-1,-1,-1,-1,1071,1072,1515,1349,1512,1514,1183,1348,1458,1129,1621,1293,1292,1680,1073,1732,1348,1678,1458,1677,1623,1294,1624,1515,1459,1130,-1,-1,-1,-1,-1,-1
-1,-1,-1,-1,-1,-1,-1,-1,-1,-1,-1,-1,-1,-1,-1,-1,-1,-1,-1,-1,-1,-1,-1,-1,-1,-1,-1,-1,-1,-1,-1,-1,-1,-1,-1,-1,-1,-1,-1,-1,-1,-1,-1,-1,-1,-1,-1,-1,1240,1457,1735,1128,1624,1678,1294,1733,1568,1734,1733,1676,1349,1625,1680,1457,1677,1621,1735,1515,1456,1679,1348,1511,1625,1074,1018,1075,-1,-1,-1,-1
-1,-1,-1,-1,-1,-1,-1,-1,-1,-1,-1,-1,-1,-1,-1,-1,-1,-1,-1,-1,-1,-1,-1,-1,-1,-1,-1,-1,-1,-1,-1,-1,-1,-1,-1,-1,-1,-1,-1,-1,-1,-1,-1,-1,-1,-1,-1,-1,1240,1457,1402,1405,1127,1457,1680,1679,1567,1350,1402,1569,1349,1403,1347,1679,1127,1622,1514,1183,1405,1731,1733,1511,1459,1676,1570,1074,1075,-1,-1,-1
-1,-1,-1,-1,-1,-1,-1,-1,-1,-1,-1,-1,-1,-1,-1,-1,-1,-1,-1,-1,-1,-1,-1,-1,-1,-1,-1,-1,-1,-1,-1,-1,-1,-1,-1,-1,-1,-1,-1,-1,-1,-1,-1,-1,-1,-1,-1,-1,1240,1511,1401,1348,1625,1460,1459,1350,1731,1512,1678,1183,1623,1570,1457,1568,1127,1129,1404,1515,1733,1625,1458,1570,1183,1621,1676,1403,1130,-1,-1,-1
-1,-1,-1,-1,-1,-1,-1,-1,-1,-1,-1,-1,-1,-1,-1,-1,-1,-1,-1,-1,-1,-1,-1,-1,-1,-1,-1,-1,-1,-1,-1,-1,-1,-1,-1,-1,-1,-1,-1,-1,-1,-1,-1,-1,-1,-1,-1,-1,1237,1291,1238,1182,1731,1401,1624,1405,1732,1459,1734,1511,1735,1566,1734,1511,1734,1402,1292,1349,1405,1569,1346,1676,1624,1293,1566,1183,1074,1236,1236,1075
-1,-1,-1,-1,-1,-1,-1,-1,-1,-1,-1,-1,-1,-1,-1,-1,-1,-1,-1,-1,-1,-1,-1,-1,-1,-1,-1,-1,-1,-1,-1,-1,-1,-1,-1,-1,-1,-1,-1,-1,-1,-1,-1,-1,-1,-1,-1,-1,-1,-1,-1,1237,1182,1568,1678,1679,1568,1293,1569,1512,1570,1402,1514,1347,1676,1568,1460,1183,1515,1732,1625,1625,1624,1735,1346,1623,1512,1129,1128,1074
-1,-1,-1,-1,-1,-1,-1,-1,-1,-1,-1,-1,-1,-1,-1,-1,-1,-1,-1,-1,-1,-1,-1,-1,-1,-1,-1,-1,-1,-1,-1,-1,-1,-1,-1,-1,-1,-1,-1,-1,-1,-1,-1,-1,-1,-1,-1,-1,-1,-1,-1,-1,1240,1292,1622,1401,1567,1568,1293,1676,1625,1678,1569,1733,1401,1515,1570,1511,1679,1401,1349,1073,1349,1733,1625,1621,1733,1570,1566,1401
-1,-1,-1,-1,-1,-1,-1,-1,-1,-1,-1,-1,-1,-1,-1,-1,-1,-1,-1,-1,-1,-1,-1,-1,-1,-1,-1,-1,-1,-1,-1,-1,-1,-1,-1,-1,-1,-1,-1,1017,1018,1018,1075,-1,-1,-1,-1,-1,-1,-1,-1,-1,1126,1679,1401,1183,1625,1460,1350,1404,1350,1458,1625,1292,1731,1183,1293,1292,1405,1735,1734,1346,1679,1566,1733,1567,1622,1349,1732,1513
-1,-1,-1,-1,-1,-1,-1,-1,-1,-1,-1,-1,-1,-1,-1,-1,-1,-1,-1,-1,-1,-1,-1,-1,-1,-1,-1,-1,-1,-1,-1,-1,-1,-1,-1,-1,-1,1017,1236,1072,1676,1073,1130,-1,-1,-1,-1,-1,-1,-1,-1,-1,1240,1513,1456,1515,1624,1346,1457,1128,1456,1569,1129,1183,1732,1401,1512,1458,1350,1679,1350,1292,1680,1511,1293,1460,1680,1566,1624,1676
-1,-1,-1,-1,-1,-1,-1,-1,-1,-1,-1,-1,-1,-1,-1,-1,-1,-1,-1,-1,-1,-1,-1,-1,-1,-1,-1,-1,-1,-1,-1,-1,-1,-1,-1,-1,1071,1072,1567,1515,1568,1347,1074,1075,-1,-1,-1,-1,-1,-1,-1,-1,1240,1350,1568,1293,1293,1403,1405,1405,1622,1733,1401,1677,1293,1402,1678,1348,1676,1677,1569,1460,1458,1346,1678,1457,1569,1405,1404,1347
-1,-1,-1,-1,-1,-1,-1,-1,-1,-1,-1,-1,-1,-1,-1,-1,-1,-1,-1,-1,-1,-1,-1,-1,-1,-1,-1,-1,-1,-1,-1,-1,-1,-1,-1,1017,1072,1567,1678,1073,1514,1625,1731,1074,1075,-1,-1,-1,-1,-1,-1,-1,1237,1182,1677,1456,1127,1350,1073,1679,1733,1570,1512,1073,1459,1512,1350,1459,1349,1515,1460,1402,1348,1349,1292,1515,1348,1403,1405,1624
-1,-1,-1,-1,-1,-1,-1,-1,-1,-1,-1,-1,-1,-1,-1,-1,-1,-1,-1,-1,-1,-1,-1,-1,-1,-1,-1,-1,-1,-1,-1,-1,-1,-1,1071,1072,1734,1349,1679,1349,1680,1735,1405,1567,1130,-1,-1,-1,-1,-1,-1,-1,-1,1237,1182,1402,1292,1622,1512,1348,1294,1129,1566,1624,1183,1127,1293,1459,1458,1676,1731,1459,1733,1403,1621,1568,1404,1514,1292,1456
-1,-1,-1,-1,-1,-1,-1,-1,-1,-1,-1,-1,-1,-1,-1,-1,-1,-1,-1,-1,-1,-1,-1,-1,-1,-1,-1,-1,-1,-1,-1,-1,-1,-1,1126,1401,1404,1127,1348,1676,1566,1293,1570,1128,1074,1019,-1,-1,-1,-1,-1,-1,-1,-1,1240,1621,1183,1570,1677,1677,1457,1294,1731,1732,1624,1733,1679,1404,1514,1349,1514,1511,1622,1127,1733,1511,1405,1403,1566,1515
-1,-1,-1,-1,-1,-1,-1,-1,-1,-1,-1,-1,-1,-1,-1,-1,-1,-1,-1,-1,-1,-1,-1,-1,-1,-1,-1,-1,-1,-1,-1,-1,1017,1018,1072,1621,1680,1128,1401,1677,1677,1128,1677,1515,1567,1130,-1,-1,-1,-1,-1,-1,-1,-1,1237,1182,1568,1621,1073,1732,1621,1735,1676,1514,1293,1129,1731,1348,1511,1348,1458,1459,1513,1404,1292,1679,1292,1294,1568,1733
-1,-1,-1,-1,-1,-1,-1,-1,-1,-1,-1,-1,-1,-1,-1,-1,-1,-1,-1,-1,-1,-1,-1,-1,-1,-1,-1,1071,1018,1236,1018,1018,1072,1625,1127,1183,1293,1732,1621,1515,1129,1623,1568,1624,1733,1295,-1,-1,-1,-1,-1,-1,-1,-1,-1,1240,1677,1183,1624,1734,1734,1677,1294,1734,1624,1680,1294,1460,1458,1073,1734,1460,1676,1404,1735,1733,1679,1566,1129,1403
-1,-1,-1,-1,-1,-1,-1,-1,-1,-1,-1,-1,-1,-1,-1,-1,-1,-1,-1,-1,-1,-1,-1,-1,-1,1017,1018,1072,1623,1457,1460,1128,1621,1511,1678,1349,1128,1623,1511,1403,1567,1402,1401,1346,1349,1130,-1,-1,-1,-1,-1,-1,-1,-1,-1,1237,1238,1291,1182,1402,1514,1679,1734,1622,1624,1293,1457,1735,1731,1680,1734,1349,1570,1623,1679,1293,1460,1460,1515,1676
-1,-1,-1,-1,-1,-1,-1,-1,-1,-1,-1,-1,-1,-1,-1,-1,-1,-1,-1,-1,-1,-1,-1,-1,1017,1072,1515,1514,1294,1349,1292,1566,1349,1513,1676,1348,1734,1568,1515,1733,1127,1460,1679,1733,1401,1295,-1,-1,-1,-1,-1,-1,-1,-1,-1,-1,-1,-1,1240,1568,1456,1622,1349,1735,1511,1678,1731,1679,1348,1403,1677,1183,1349,1404,1293,1127,1677,1567,1513,1292
